ordinal,category,program_type,display_name,device,elapsed_ms,est_ops,est_mem,metadata
0,graph_batch,MetalGraph,<batched 26>,METAL,0.11216674465686083,0,0,[]
1,raw_metal_int8_gate_up,RowwiseInt8DecodeLinearRunner,rowwise_int8_decode_linear_threadgroup_x,METAL,0.09154155850410461,0,0,[]
2,graph_batch,MetalGraph,<batched 64>,METAL,0.5712916608899832,0,0,[]
3,graph_batch,MetalGraph,<batched 19>,METAL,0.11312495917081833,0,0,[]
4,raw_metal_int8_gate_up,RowwiseInt8DecodeLinearRunner,rowwise_int8_decode_linear_threadgroup_x,METAL,0.08962489664554596,0,0,[]
5,graph_batch,MetalGraph,<batched 134>,METAL,1.455791643820703,0,0,[]
6,raw_metal_int8_gate_up,RowwiseInt8DecodeLinearRunner,rowwise_int8_decode_linear_threadgroup_x,METAL,0.09045843034982681,0,0,[]
7,graph_batch,MetalGraph,<batched 182>,METAL,1.4365833485499024,0,0,[]
8,raw_metal_int8_gate_up,RowwiseInt8DecodeLinearRunner,rowwise_int8_decode_linear_threadgroup_x,METAL,0.08937495294958353,0,0,[]
9,graph_batch,MetalGraph,<batched 230>,METAL,2.270249999128282,0,0,[]
10,raw_metal_int8_gate_up,RowwiseInt8DecodeLinearRunner,rowwise_int8_decode_linear_threadgroup_x,METAL,0.09412493091076612,0,0,[]
11,graph_batch,MetalGraph,<batched 263>,METAL,3.7917083827778697,0,0,[]
12,raw_metal_int8_gate_up,RowwiseInt8DecodeLinearRunner,rowwise_int8_decode_linear_threadgroup_x,METAL,0.08891662582755089,0,0,[]
13,graph_batch,MetalGraph,<batched 311>,METAL,4.03933331836015,0,0,[]
14,raw_metal_int8_gate_up,RowwiseInt8DecodeLinearRunner,rowwise_int8_decode_linear_threadgroup_x,METAL,0.08862500544637442,0,0,[]
15,graph_batch,MetalGraph,<batched 359>,METAL,4.492416745051742,0,0,[]
16,raw_metal_int8_gate_up,RowwiseInt8DecodeLinearRunner,rowwise_int8_decode_linear_threadgroup_x,METAL,0.09287497960031033,0,0,[]
17,graph_batch,MetalGraph,<batched 407>,METAL,4.486874910071492,0,0,[]
18,raw_metal_int8_gate_up,RowwiseInt8DecodeLinearRunner,rowwise_int8_decode_linear_threadgroup_x,METAL,0.08824991527944803,0,0,[]
19,graph_batch,MetalGraph,<batched 455>,METAL,5.8026667684316635,0,0,[]
20,raw_metal_int8_gate_up,RowwiseInt8DecodeLinearRunner,rowwise_int8_decode_linear_threadgroup_x,METAL,0.0907916110008955,0,0,[]
21,graph_batch,MetalGraph,<batched 488>,METAL,6.908208248205483,0,0,[]
22,raw_metal_int8_gate_up,RowwiseInt8DecodeLinearRunner,rowwise_int8_decode_linear_threadgroup_x,METAL,0.08999998681247234,0,0,[]
23,graph_batch,MetalGraph,<batched 536>,METAL,6.771708256565034,0,0,[]
24,raw_metal_int8_gate_up,RowwiseInt8DecodeLinearRunner,rowwise_int8_decode_linear_threadgroup_x,METAL,0.08991663344204426,0,0,[]
25,graph_batch,MetalGraph,<batched 584>,METAL,7.292166585102677,0,0,[]
26,raw_metal_int8_gate_up,RowwiseInt8DecodeLinearRunner,rowwise_int8_decode_linear_threadgroup_x,METAL,0.08987507317215204,0,0,[]
27,graph_batch,MetalGraph,<batched 632>,METAL,8.114374941214919,0,0,[]
28,raw_metal_int8_gate_up,RowwiseInt8DecodeLinearRunner,rowwise_int8_decode_linear_threadgroup_x,METAL,0.0914999982342124,0,0,[]
29,graph_batch,MetalGraph,<batched 680>,METAL,8.96037498023361,0,0,[]
30,raw_metal_int8_gate_up,RowwiseInt8DecodeLinearRunner,rowwise_int8_decode_linear_threadgroup_x,METAL,0.09087496437132359,0,0,[]
31,graph_batch,MetalGraph,<batched 243>,METAL,3.1948749674484134,0,0,[]
32,raw_metal_int8_gate_up,RowwiseInt8DecodeLinearRunner,rowwise_int8_decode_linear_threadgroup_x,METAL,0.1128750154748559,0,0,[]
33,graph_batch,MetalGraph,<batched 259>,METAL,3.7210416048765182,0,0,[]
34,raw_metal_int8_gate_up,RowwiseInt8DecodeLinearRunner,rowwise_int8_decode_linear_threadgroup_x,METAL,0.11741672642529011,0,0,[]
35,graph_batch,MetalGraph,<batched 275>,METAL,4.073208314366639,0,0,[]
36,raw_metal_int8_gate_up,RowwiseInt8DecodeLinearRunner,rowwise_int8_decode_linear_threadgroup_x,METAL,0.11449994053691626,0,0,[]
37,graph_batch,MetalGraph,<batched 291>,METAL,3.713125013746321,0,0,[]
38,raw_metal_int8_gate_up,RowwiseInt8DecodeLinearRunner,rowwise_int8_decode_linear_threadgroup_x,METAL,0.11283333878964186,0,0,[]
39,graph_batch,MetalGraph,<batched 307>,METAL,4.378124955110252,0,0,[]
40,raw_metal_int8_gate_up,RowwiseInt8DecodeLinearRunner,rowwise_int8_decode_linear_threadgroup_x,METAL,0.11500006075948477,0,0,[]
41,graph_batch,MetalGraph,<batched 318>,METAL,4.735124995931983,0,0,[]
42,raw_metal_int8_gate_up,RowwiseInt8DecodeLinearRunner,rowwise_int8_decode_linear_threadgroup_x,METAL,0.11558330152183771,0,0,[]
43,graph_batch,MetalGraph,<batched 334>,METAL,4.895999911241233,0,0,[]
44,raw_metal_int8_gate_up,RowwiseInt8DecodeLinearRunner,rowwise_int8_decode_linear_threadgroup_x,METAL,0.12174993753433228,0,0,[]
45,graph_batch,MetalGraph,<batched 350>,METAL,4.9787916941568255,0,0,[]
46,raw_metal_int8_gate_up,RowwiseInt8DecodeLinearRunner,rowwise_int8_decode_linear_threadgroup_x,METAL,0.11250004172325134,0,0,[]
47,graph_batch,MetalGraph,<batched 366>,METAL,5.202875006943941,0,0,[]
48,raw_metal_int8_gate_up,RowwiseInt8DecodeLinearRunner,rowwise_int8_decode_linear_threadgroup_x,METAL,0.11612498201429844,0,0,[]
49,graph_batch,MetalGraph,<batched 382>,METAL,5.9350833762437105,0,0,[]
50,raw_metal_int8_gate_up,RowwiseInt8DecodeLinearRunner,rowwise_int8_decode_linear_threadgroup_x,METAL,0.11408329010009766,0,0,[]
51,graph_batch,MetalGraph,<batched 393>,METAL,5.990249919705093,0,0,[]
52,raw_metal_int8_gate_up,RowwiseInt8DecodeLinearRunner,rowwise_int8_decode_linear_threadgroup_x,METAL,0.112166628241539,0,0,[]
53,graph_batch,MetalGraph,<batched 409>,METAL,6.076708319596946,0,0,[]
54,raw_metal_int8_gate_up,RowwiseInt8DecodeLinearRunner,rowwise_int8_decode_linear_threadgroup_x,METAL,0.11324998922646046,0,0,[]
55,graph_batch,MetalGraph,<batched 425>,METAL,6.339375046081841,0,0,[]
56,raw_metal_int8_gate_up,RowwiseInt8DecodeLinearRunner,rowwise_int8_decode_linear_threadgroup_x,METAL,0.11825002729892731,0,0,[]
57,graph_batch,MetalGraph,<batched 441>,METAL,6.506374920718372,0,0,[]
58,raw_metal_int8_gate_up,RowwiseInt8DecodeLinearRunner,rowwise_int8_decode_linear_threadgroup_x,METAL,0.11475000064820051,0,0,[]
59,graph_batch,MetalGraph,<batched 457>,METAL,7.693750085309148,0,0,[]
60,raw_metal_int8_gate_up,RowwiseInt8DecodeLinearRunner,rowwise_int8_decode_linear_threadgroup_x,METAL,0.1148333540186286,0,0,[]
61,graph_batch,MetalGraph,<batched 468>,METAL,7.959791691973805,0,0,[]
62,raw_metal_int8_gate_up,RowwiseInt8DecodeLinearRunner,rowwise_int8_decode_linear_threadgroup_x,METAL,0.1152500044554472,0,0,[]
63,graph_batch,MetalGraph,<batched 484>,METAL,7.519458304159343,0,0,[]
64,raw_metal_int8_gate_up,RowwiseInt8DecodeLinearRunner,rowwise_int8_decode_linear_threadgroup_x,METAL,0.11912500485777855,0,0,[]
65,graph_batch,MetalGraph,<batched 500>,METAL,7.283749990165234,0,0,[]
66,raw_metal_int8_gate_up,RowwiseInt8DecodeLinearRunner,rowwise_int8_decode_linear_threadgroup_x,METAL,0.13637496158480644,0,0,[]
67,graph_batch,MetalGraph,<batched 516>,METAL,7.616125047206879,0,0,[]
68,raw_metal_int8_gate_up,RowwiseInt8DecodeLinearRunner,rowwise_int8_decode_linear_threadgroup_x,METAL,0.12416671961545944,0,0,[]
69,graph_batch,MetalGraph,<batched 532>,METAL,8.154624956659973,0,0,[]
70,raw_metal_int8_gate_up,RowwiseInt8DecodeLinearRunner,rowwise_int8_decode_linear_threadgroup_x,METAL,0.11966668535023928,0,0,[]
71,graph_batch,MetalGraph,<batched 537>,METAL,11.6553750121966,0,0,[]
